[
  {
    "id": "bioleader_bagasse_plate",
    "sku": "BIO-BAGASSE-PLATE",
    "name": "Prato de Bagasse PFAS-free",
    "country": "CN",
    "bio_based": true,
    "mono_material": true,
    "pfas_free": true,
    "epr_ready": true,
    "compostavel": true,
    "description": "Fabricado pela Bioleader com fibras de bagaço de cana; sem PFAS; certificações compostáveis conforme EN13432, ASTM D6400, OK Compost Home & Industrial; capacidade de produção de 100 milhões de unidades/mês【732713063189336†L40-L83】",
    "certifications": ["OK Compost", "EN13432", "ASTM D6400", "FDA", "ISO 9001", "ISO 14001", "BRCGS"]
  },
  {
    "id": "bioleader_cornstarch_bowl",
    "sku": "BIO-CORN-BOWL",
    "name": "Tigela de Amido de Milho Compostável",
    "country": "CN",
    "bio_based": true,
    "mono_material": true,
    "pfas_free": true,
    "epr_ready": true,
    "compostavel": true,
    "description": "Tigela de amido de milho produzida pela Bioleader; PFAS-free; certificações TUV e LFGB; adequada para food service【732713063189336†L40-L83】",
    "certifications": ["OK Compost", "EN13432", "ASTM D6400", "LFGB", "NSF"]
  }
]