[
  {
    "sku": "MDO-PE-BIO-40MIC",
    "name": "Filme MDO PE bio-based 40 micras",
    "country": "BR",
    "bio_based": true,
    "mono_material": true,
    "epr_certified": true,
    "description": "Filme mono-material para embalagens flexíveis (flow pack, stand-up pouch) fabricado com polietileno derivado de etanol de cana-de-açúcar. Atende requisitos de reciclabilidade e é livre de PFAS."
  },
  {
    "sku": "MDO-LABEL-BIO-50MIC",
    "name": "Etiqueta MDO mono-material bio-based 50 micras",
    "country": "BR",
    "bio_based": true,
    "mono_material": true,
    "epr_certified": true,
    "description": "Etiqueta mono-material com tecnologia MDO desenvolvida com laboratório Cazoolo. Oferece rigidez e transparência, compatível com embalagens de cosméticos e alimentos."
  },
  {
    "sku": "HDPE-RECYCLE-200",
    "name": "Polietileno de alta densidade reciclado",
    "country": "US",
    "bio_based": false,
    "mono_material": true,
    "epr_certified": false,
    "final_assembly_us": true,
    "description": "Polietileno HDPE reciclado pós-consumo, ideal para aplicações de higiene e fibras não-tecidas. Produzido nos EUA com processamento estável e menor pegada de carbono."
  }
]