[
  {
    "sku": "ADH-110",
    "name": "Adesivo Hot-Melt Biodegradável",
    "description": "Adesivo hot-melt de origem vegetal, livre de PFAS e adequado para embalagens alimentícias e cosméticas.",
    "origin_country": "BR",
    "bio_based": true,
    "mono_material": false,
    "epr_ready": true
  },
  {
    "sku": "FDM-020",
    "name": "Filme Monomaterial de PE Biobaseado",
    "description": "Filme flexível feito 100% de polietileno de origem renovável, permitindo embalagens mono-material e recicláveis.",
    "origin_country": "BR",
    "bio_based": true,
    "mono_material": true,
    "epr_ready": true
  },
  {
    "sku": "LBL-310",
    "name": "Etiqueta de PET Reciclado com Adesivo Bio",
    "description": "Etiqueta auto-adesiva produzida com PET reciclado pós-consumo e adesivo à base de açúcar. Livre de PFAS.",
    "origin_country": "BR",
    "bio_based": false,
    "mono_material": false,
    "epr_ready": true
  }
]