[
  {
    "id": "dyson_large_bolt",
    "sku": "DYSON-LARGE-BOLT",
    "name": "Parafuso de alta resistência – Melted & Manufactured in USA",
    "country": "US",
    "final_assembly_us": true,
    "manufactured_in_us": true,
    "melted_and_manufactured_us": true,
    "pfas_free": false,
    "description": "Parafuso de grande diâmetro produzido pela Dyson; totalmente fundido e fabricado nos EUA, garantindo rastreabilidade para projetos de infraestrutura. Inclui certificações ISO 9001 e ASME.",
    "certifications": ["ISO 9001", "ASME"]
  }
]