[
  {
    "id": "prestige_washer",
    "sku": "PRESTIGE-WASHER",
    "name": "Arruela de alta precisão – Melted & Manufactured in USA",
    "country": "US",
    "final_assembly_us": true,
    "manufactured_in_us": true,
    "melted_and_manufactured_us": true,
    "pfas_free": false,
    "description": "Arruela de alto desempenho produzida pela Prestige Stamping, com garantia de 'melted and manufactured in the USA' e certificações IATF 16949 e ISO 9001【262551720232303†L65-L110】【262551720232303†L116-L123】",
    "certifications": ["IATF 16949", "ISO 9001"]
  }
]