[
  {
    "id": "sabert_pulp_container",
    "sku": "SABERT-PULP-BOX",
    "name": "Pote de Polpa Natural Sabert",
    "country": "US",
    "bio_based": true,
    "mono_material": true,
    "pfas_free": true,
    "epr_ready": true,
    "compostavel": true,
    "description": "Linha de polpa natural da Sabert é feita de recursos renováveis e livre de PFAS; inclui produtos Standard Pulp, Pulp Plus™ e Pulp Max™ com resistência para micro‑ondas e forno【148223364329520†L0-L26】【148223364329520†L40-L74】",
    "certifications": ["BPI", "Compostable"]
  }
]