[
  {
    "id": "sancoffee_arabica_bean",
    "sku": "SANCOFFEE-ARABICA",
    "name": "Café Arábica EUDR-Ready",
    "country": "BR",
    "eudr_certified": true,
    "geo_coordinates": [-20.0, -47.0],
    "pfas_free": false,
    "description": "Lote de café arábica da cooperativa Sancoffee com rastreabilidade completa; utiliza polígonos georreferenciados e imagens de satélite via Serasa Experian para garantir que as lavouras não sejam de áreas desmatadas, apoiando os pequenos produtores e preparando-se para a EUDR【447438984867082†L43-L128】",
    "certifications": ["Certifica Minas", "CECAFÉ", "EUDR"]
  }
]