[
  {
    "id": "sundance_paper_wrap",
    "sku": "SUNDANCE-WRAP",
    "name": "Embalagem SunDance PFAS-free",
    "country": "US",
    "bio_based": true,
    "mono_material": false,
    "pfas_free": true,
    "epr_ready": true,
    "compostavel": true,
    "description": "Produtos de embalagem da SunDance não contêm PFAS intencionalmente; utilizam substratos orgânicos, biodegradáveis, recicláveis e compostáveis, atendendo às legislações de estados como Maryland e outros【265083869860939†L492-L510】",
    "certifications": ["FDA", "Compostable"]
  }
]