[
  {
    "id": "suzano_eucalyptus_pulp",
    "sku": "SUZANO-PULP",
    "name": "Pasta de Eucalipto – EUDR-ready",
    "country": "BR",
    "eudr_certified": true,
    "geo_coordinates": [-22.0, -45.0],
    "pfas_free": false,
    "description": "Pasta de celulose produzida pela Suzano com cadeias certificadas e rastreabilidade; a exportação de celulose brasileira é certificada como livre de desmatamento desde 1994【537191952811551†L464-L577】",
    "certifications": ["FSC", "EUDR"]
  }
]