[
  {
    "id": "vegware_nourish_box",
    "sku": "VEG-NOURISH-BOX",
    "name": "Caixa Nourish™ sem PFAS",
    "country": "GB",
    "bio_based": true,
    "mono_material": true,
    "pfas_free": true,
    "epr_ready": true,
    "compostavel": true,
    "description": "A linha Nourish™ da Vegware utiliza fibra moldada sem PFAS; certificada para compostagem doméstica e industrial, adequada para embalagens alimentícias【246364944531829†L27-L57】",
    "certifications": ["Home Compostable", "Industrial Compostable", "BPI", "OK Compost"]
  }
]